Energy,Contrast,Entropy,Homogeneity,Correlation,SumAverage,Variance,Dissimilarity,AutoCorrelation
0.0182004544425811,38.2191687875839,6.2013036383914,0.365098503749162,0.58978302209915,0.0179661205885445,0.0446568050555039,4.4787753024329,365.079906594935
