Variance,Skewness,Kurtosis
605.925231933594,0.62500860340097,-0.691755997240409
