Variance,Skewness,Kurtosis
481.218490600586,0.170208516251824,-0.285604925436522
