Variance,Skewness,Kurtosis
1134.90570068359,-0.740278848757464,-1.05747022586378
