Variance,Skewness,Kurtosis
1016.61424255371,-0.175237970232881,-1.40184898166442
