Variance,Skewness,Kurtosis
788.844665527344,-0.55623667128396,-1.07469635123206
