Variance,Skewness,Kurtosis
1410.64453125,0.491479502029979,-1.43051279807714
