Variance,Skewness,Kurtosis
451.648864746094,-0.0191699580864478,-0.93302099338147
