Coarseness,Contrast,Busyness,Complexity,Strength
0.118200798190258,3.52905739554952,0.0253393628036404,377.326020008569,75.8110302810619
