Coarseness,Contrast,Busyness,Complexity,Strength
0.0277684497860117,4.78067842963065,0.214997570974913,919.705254186028,11.1519569615846
