Coarseness,Contrast,Busyness,Complexity,Strength
2.57951597248035e-05,74.229041062483,2243.05855971828,407.609695698022,0.0268596572659618
