Coarseness,Contrast,Busyness,Complexity,Strength
0.0625374305259503,1.16655575386073,0.0570068574709423,482.828002877336,24.0770275624123
