Coarseness,Contrast,Busyness,Complexity,Strength
0.0222041744066921,11.3125438783838,0.33283382194654,473.104134288486,10.5938143116839
