Coarseness,Contrast,Busyness,Complexity,Strength
0.123611772566276,0.359634016910655,0.102932413212244,141.559728579956,26.1101140524071
