Coarseness,Contrast,Busyness,Complexity,Strength
0.0154625837179066,3.48196051617731,0.263901024579021,515.088629684971,9.9064690922609
