Coarseness,Contrast,Busyness,Complexity,Strength
0.0814426287930578,0.794324444922101,0.0514555559977373,813.777370411366,30.4618943224942
