Coarseness,Contrast,Busyness,Complexity,Strength
0.000292892906064242,2.7192157721427,2204.38740292694,12.9200114074118,0.281470082727736
